Event,Temperature
Cloudy,39.0
Rain,33.375
Snow,36.333333333333336
Sunny,33.333333333333336
